{"cameraMode":{"drawMode":0,"name":"Shaded","section":"Shading Mode"},"sceneLighting":true,"audioPlay":false,"sceneViewState":{"showFog":true,"showMaterialUpdate":false,"showSkybox":true,"showFlares":true,"showImageEffects":true,"showParticleSystems":true,"showVisualEffectGraphs":true,"m_FxEnabled":true},"in2DMode":false,"pivot":{"x":15.463647842407227,"y":3.169912815093994,"z":-28.448551177978517},"rotation":{"x":0.009692392311990261,"y":0.9868278503417969,"z":-0.06462845206260681,"w":0.14793114364147187},"size":33.571083068847659,"orthographic":false}